"version","dataset","test_repeat","CPU_threads_used","CPU_use_percent","RAM_max_rss_kbytes","runtime_minutes","runtime_prodigal","runtime_hmmer","hmmer_iterations_per_second","hmmer_seconds_per_iteration"
"CCTyper","100_campys",1,1,160,961984,"00:22:20.84","00:04:49.00",00:10:19.00,1.21,0.826446280991736
"CCTyper","100_campys",2,1,159,962140,"00:22:07.31","00:04:48.00",00:10:08.00,1.23,0.813008130081301
"CCTyper","100_campys",3,1,160,962376,"00:22:23.82","00:04:49.00",00:10:19.00,1.21,0.826446280991736
"CCTyper","100_campys",1,4,241,1000576,"00:17:05.31","00:04:48.00",00:09:18.00,1.36,0.735294117647059
"CCTyper","100_campys",2,4,241,1001152,"00:17:49.05","00:04:48.00",00:09:57.00,1.26,0.793650793650794
"CCTyper","100_campys",3,4,241,1002784,"00:17:43.29","00:04:49.00",00:09:50.00,1.28,0.78125
"CCTyper","100_campys",1,8,289,1002632,"00:18:01.97","00:04:56.00",00:10:19.00,,
"CCTyper","100_campys",2,8,280,1003316,"00:16:55.43","00:04:50.00",00:08:49.00,1.31,0.763358778625954
"CCTyper","100_campys",3,8,279,1004308,"00:16:51.73","00:04:49.00",00:09:30.00,1.32,0.757575757575758
"Pyrodigal","100_campys",1,1,171,936548,"00:19:39.63","00:01:39.00",00:10:39.00,,
"Pyrodigal","100_campys",2,1,169,937492,"00:19:03.08","00:01:29.00",00:10:19.00,1.21,0.826446280991736
"Pyrodigal","100_campys",3,1,170,936208,"00:19:14.70","00:01:29.00",00:10:23.00,1.2,0.833333333333333
"Pyrodigal","100_campys",1,4,297,4046456,"00:15:50.84","00:00:46.00",00:11:14.00,,
"Pyrodigal","100_campys",2,4,297,4048424,"00:13:35.72","00:00:42.00",00:09:44.00,1.29,0.775193798449612
"Pyrodigal","100_campys",3,4,297,4048564,"00:13:46.35","00:00:42.00",00:10:03.00,1.25,0.8
"Pyrodigal","100_campys",1,8,366,4048952,"00:14:28.87","00:00:40",00:10:40.00,,
"Pyrodigal","100_campys",2,8,362,4048892,"00:12:50","00:00:38",00:09:40.00,1.3,0.769230769230769
"Pyrodigal","100_campys",3,8,364,4049012,"00:12:26.97","00:00:38",00:09:24.00,1.34,0.746268656716418
"PyHMMER","100_campys",1,1,99,1316716,"00:19:14.56","00:01:30.00",00:09:15.00,1.27,0.78740157480315
"PyHMMER","100_campys",2,1,99,1316360,"00:19:21.47","00:01:43.00",00:09:14.00,1.28,0.78125
"PyHMMER","100_campys",3,1,99,1316096,"00:19:08.10","00:01:31.00",00:09:14.00,1.28,0.78125
"PyHMMER","100_campys",1,4,171,4048364,"00:07:56.04","00:00:36.00",00:03:33.00,3.34,0.29940119760479
"PyHMMER","100_campys",2,4,358,4048532,"00:07:42.62","00:00:36.00",00:03:28.00,3.43,0.291545189504373
"PyHMMER","100_campys",3,4,357,4048716,"00:07:41.86","00:00:37.00",00:03:30.00,3.39,0.294985250737463
"PyHMMER","100_campys",1,8,653,4048628,"00:06:43.58","00:00:31.00",00:03:07.00,3.81,0.26246719160105
"PyHMMER","100_campys",2,8,668,4048688,"00:06:23.25","00:00:32.00",00:02:58.00,3.99,0.25062656641604
"PyHMMER","100_campys",3,8,653,4048748,"00:06:42.02","00:00:35.00",00:03:05.00,3.84,0.260416666666667
"CCTyper","100_crisprs",1,1,171,1557252,"00:39:08.82","00:03:52.00",00:22:41.00,0.578034682080925,1.73
"CCTyper","100_crisprs",2,1,175,1558072,"00:38:59.91","00:03:42.00",00:22:42.00,0.571428571428571,1.75
"CCTyper","100_crisprs",3,1,177,1558124,"00:46:59.57","00:03:42.00",00:27:50.00,0.467289719626168,2.14
"CCTyper","100_crisprs",1,4,292,1558212,"00:33:53.45","00:03:57.00",00:23:39.00,0.555555555555556,1.8
"CCTyper","100_crisprs",2,4,291,1558200,"00:33:59.01","00:04:07.00",00:23:58.00,0.555555555555556,1.8
"CCTyper","100_crisprs",3,4,293,1557976,"00:32:32.77","00:03:58.00",00:22:38.00,0.578034682080925,1.73
"CCTyper","100_crisprs",1,8,336,1556380,"00:33:55.66","00:03:58.00",00:24:25.00,0.537634408602151,1.86
"CCTyper","100_crisprs",2,8,334,1557076,"00:34:01.83","00:04:00.00",00:24:28.00,0.53475935828877,1.87
"CCTyper","100_crisprs",3,8,334,1557984,"00:31:55.98","00:04:07.00",00:22:36.00,0.581395348837209,1.72
"Pyrodigal","100_crisprs",1,1,161,1557920,"01:00:26.00","00:17:12.00",00:28:41.00,0.452488687782805,2.21
"Pyrodigal","100_crisprs",2,1,160,1566148,"00:56:22.88","00:16:20.00",00:26:18.00,0.495049504950495,2.02
"Pyrodigal","100_crisprs",3,1,163,1564528,"01:01:16.00","00:17:13.00",00:29:22.00,0.444444444444444,2.25
"Pyrodigal","100_crisprs",1,4,251,6219588,"00:49:47.10","00:16:21.00",00:26:27.00,0.497512437810945,2.01
"Pyrodigal","100_crisprs",2,4,253,7607736,"00:47:30.85","00:15:08.00",00:25:33.00,0.518134715025907,1.93
"Pyrodigal","100_crisprs",3,4,255,7901944,"00:43:46.14","00:14:12.00",00:23:03.00,0.571428571428571,1.75
"Pyrodigal","100_crisprs",1,8,315,6990744,"00:41:41.25","00:12:28.00",00:22:59.00,0.546448087431694,1.83
"Pyrodigal","100_crisprs",2,8,321,7909696,"00:38:55.55","00:11:12.00",00:22:37.00,0.581395348837209,1.72
"Pyrodigal","100_crisprs",3,8,323,7907240,"00:38:51.24","00:11:12.00",00:22:29.00,0.584795321637427,1.71
"PyHMMER","100_crisprs",1,1,99,1636460,"00:50:48.68","00:15:07.00",00:21:55.00,0.537634408602151,1.86
"PyHMMER","100_crisprs",2,1,99,1623784,"00:50:53.68","00:14:58.00",00:21:55.00,0.537634408602151,1.86
"PyHMMER","100_crisprs",3,1,78,1636200,"01:25:45","00:21:03",00:28:28,0.413223140495868,2.42
"PyHMMER","100_crisprs",1,4,241,6271284,"00:28:05.86","00:13:27.00",00:08:10.00,1.45,0.689655172413793
"PyHMMER","100_crisprs",2,4,244,7269568,"00:28:27.28","00:13:23.00",00:08:22.00,1.41,0.709219858156028
"PyHMMER","100_crisprs",3,4,243,7227304,"00:28:26.17","00:13:34.00",00:08:15.00,1.43,0.699300699300699
"PyHMMER","100_crisprs",1,8,452,7909132,"00:22:42.97","00:10:13.00",00:07:01.00,1.68,0.595238095238095
"PyHMMER","100_crisprs",2,8,439,6437892,"00:23:53.54","00:10:17.00",00:07:22.00,1.6,0.625
"PyHMMER","100_crisprs",3,8,444,7422872,"00:23:18.44","00:10:45.00",00:07:02.00,1.68,0.595238095238095
